{"cameraMode":{"drawMode":0,"name":"Shaded","section":"Shading Mode"},"sceneLighting":true,"audioPlay":false,"sceneViewState":{"m_AlwaysRefresh":false,"showFog":true,"showSkybox":true,"showFlares":true,"showImageEffects":true,"showParticleSystems":true,"showVisualEffectGraphs":true,"m_FxEnabled":true},"in2DMode":false,"pivot":{"x":0.9998722672462463,"y":2.708543539047241,"z":-1.8120121955871583},"rotation":{"x":0.045290619134902957,"y":-0.6496111750602722,"z":-0.03882718086242676,"w":-0.7579357028007507},"size":3.626368999481201,"orthographic":false}