{"cameraMode":{"drawMode":0,"name":"Shaded","section":"Shading Mode"},"sceneLighting":true,"audioPlay":false,"sceneViewState":{"m_AlwaysRefresh":false,"showFog":true,"showSkybox":true,"showFlares":true,"showImageEffects":true,"showParticleSystems":true,"showVisualEffectGraphs":true,"m_FxEnabled":true},"in2DMode":false,"pivot":{"x":0.20037099719047547,"y":0.7593148350715637,"z":-0.06886635720729828},"rotation":{"x":0.09630406647920609,"y":0.16494742035865785,"z":-0.0162265133112669,"w":0.9815354943275452},"size":0.755559504032135,"orthographic":false}