{"cameraMode":{"drawMode":0,"name":"Shaded","section":"Shading Mode"},"sceneLighting":true,"audioPlay":false,"sceneViewState":{"m_AlwaysRefresh":false,"showFog":true,"showSkybox":true,"showFlares":true,"showImageEffects":true,"showParticleSystems":true,"showVisualEffectGraphs":true,"m_FxEnabled":true},"in2DMode":false,"pivot":{"x":0.08077674359083176,"y":0.7713509798049927,"z":0.1770978420972824},"rotation":{"x":-0.036076102405786517,"y":-0.12357953935861588,"z":0.004095789045095444,"w":-0.9918857216835022},"size":1.2660000324249268,"orthographic":false}